[
  {
    "username":"juan.camilo@mail.com",
    "password":"12345",
    "nombre":"",
    "apellido":"",
    "profile_img":"",
    "descripcion":"",
    "categoria":"",
    "tipo_id":"",
    "id":"",
    "fecha_nacimiento":"",
    "genero":"",
    "estado_civil":"",
    "tipo_telefono":"",
    "telefono":"",
    "ciudad":"",
    "pais":"",
    "hoja_vida":""
  },
  {
    "username":"maria@mail.com",
    "password":"12345",
    "nombre":"",
    "apellido":"",
    "profile_img":"",
    "descripcion":"",
    "categoria":"",
    "tipo_id":"",
    "id":"",
    "fecha_nacimiento":"",
    "genero":"",
    "estado_civil":"",
    "tipo_telefono":"",
    "telefono":"",
    "ciudad":"",
    "pais":"",
    "hoja_vida":""
  }
]
